idx,file,class,MSE,Corr,Plain_s,Encrypt_s,EncInfer_s
1,NORMAL2-IM-0321-0001.jpeg,NORMAL,421.144,0.999835,0.014,0.06,29.167
2,person94_bacteria_457.jpeg,PNEUMONIA,183.437,0.999808,0.0,0.066,29.831
3,NORMAL2-IM-0300-0001.jpeg,NORMAL,522.59,0.999797,0.006,0.065,29.95
4,person1612_virus_2798.jpeg,PNEUMONIA,177.358,0.999868,0.0,0.066,29.099
5,IM-0063-0001.jpeg,NORMAL,433.329,0.999769,0.012,0.053,28.899
6,person1614_virus_2800.jpeg,PNEUMONIA,1004.098,0.999867,0.002,0.067,29.349

AVERAGE,,,456.993,0.999824,0.006,0.063,29.383
